{
  "id": "/subscriptions/09d9b9f0-3761-497b-b256-88e3c502b751/resourceGroups/corp-datalod54225842/providers/Microsoft.Resources/deployments/CreateNetworkSecurityGroupBladeV2-20250830074052",
  "name": "CreateNetworkSecurityGroupBladeV2-20250830074052",
  "type": "Microsoft.Resources/deployments",
  "properties": {
    "templateHash": "9824114759684665370",
    "parameters": {
      "networkSecurityGroupName": {
        "type": "String",
        "value": "webNSG"
      },
      "location": {
        "type": "String",
        "value": "eastus"
      }
    },
    "mode": "Incremental",
    "debugSetting": {
      "detailLevel": "None"
    },
    "provisioningState": "Succeeded",
    "timestamp": "2025-08-30T11:41:39.7677533Z",
    "duration": "PT7.1155637S",
    "correlationId": "4fe50a2d-8ec2-40d8-b4e1-40d975ce3008",
    "providers": [
      {
        "namespace": "Microsoft.Network",
        "resourceTypes": [
          {
            "resourceType": "networkSecurityGroups",
            "locations": [
              "eastus"
            ]
          }
        ]
      }
    ],
    "dependencies": [],
    "outputResources": [
      {
        "id": "/subscriptions/09d9b9f0-3761-497b-b256-88e3c502b751/resourceGroups/corp-datalod54225842/providers/Microsoft.Network/networkSecurityGroups/webNSG"
      }
    ],
    "validationLevel": "Template"
  },
  "tags": {
    "primaryResourceId": "/subscriptions/09d9b9f0-3761-497b-b256-88e3c502b751/resourcegroups/corp-datalod54225842/providers/Microsoft.Network/networkSecurityGroups/webNSG",
    "marketplaceItemId": "Microsoft.NetworkSecurityGroup"
  }
}