[
  {
    "id": "/subscriptions/09d9b9f0-3761-497b-b256-88e3c502b751/resourceGroups/corp-datalod54225842/providers/Microsoft.Resources/deployments/CreateNetworkSecurityGroupBladeV2-20250830074052/operations/B91AAFB77D1EA01A",
    "operationId": "B91AAFB77D1EA01A",
    "properties": {
      "provisioningOperation": "Create",
      "provisioningState": "Succeeded",
      "timestamp": "2025-08-30T11:41:35.4012254Z",
      "duration": "PT4.0852581S",
      "trackingId": "664e1ca1-9aea-49cf-b8e3-7bf5c7bead21",
      "statusCode": "OK",
      "targetResource": {
        "id": "/subscriptions/09d9b9f0-3761-497b-b256-88e3c502b751/resourceGroups/corp-datalod54225842/providers/Microsoft.Network/networkSecurityGroups/webNSG",
        "resourceType": "Microsoft.Network/networkSecurityGroups",
        "resourceName": "webNSG"
      }
    }
  },
  {
    "id": "/subscriptions/09d9b9f0-3761-497b-b256-88e3c502b751/resourceGroups/corp-datalod54225842/providers/Microsoft.Resources/deployments/CreateNetworkSecurityGroupBladeV2-20250830074052/operations/08584450527928172039",
    "operationId": "08584450527928172039",
    "properties": {
      "provisioningOperation": "EvaluateDeploymentOutput",
      "provisioningState": "Succeeded",
      "timestamp": "2025-08-30T11:41:35.4012254Z",
      "duration": "PT4.257166S",
      "trackingId": "cd8007fc-8870-4b39-9744-71839cd04ce1",
      "statusCode": "OK"
    }
  }
]