{
  "id": "/subscriptions/09d9b9f0-3761-497b-b256-88e3c502b751/resourceGroups/corp-datalod54225842/providers/Microsoft.Resources/deployments/CreateApplicationSecurityGroupBladeViewModel",
  "name": "CreateApplicationSecurityGroupBladeViewModel",
  "type": "Microsoft.Resources/deployments",
  "properties": {
    "templateHash": "14680118835483753857",
    "parameters": {
      "applicationSecurityGroupName": {
        "type": "String",
        "value": "webASG"
      },
      "location": {
        "type": "String",
        "value": "eastus"
      }
    },
    "mode": "Incremental",
    "debugSetting": {
      "detailLevel": "None"
    },
    "provisioningState": "Succeeded",
    "timestamp": "2025-08-30T11:46:29.154919Z",
    "duration": "PT5.868089S",
    "correlationId": "3743558a-d41f-4211-a012-3b6c63fb0b87",
    "providers": [
      {
        "namespace": "Microsoft.Network",
        "resourceTypes": [
          {
            "resourceType": "applicationSecurityGroups",
            "locations": [
              "eastus"
            ]
          }
        ]
      }
    ],
    "dependencies": [],
    "outputResources": [
      {
        "id": "/subscriptions/09d9b9f0-3761-497b-b256-88e3c502b751/resourceGroups/corp-datalod54225842/providers/Microsoft.Network/applicationSecurityGroups/webASG"
      }
    ],
    "validationLevel": "Template"
  },
  "tags": {
    "primaryResourceId": "/subscriptions/09d9b9f0-3761-497b-b256-88e3c502b751/resourcegroups/corp-datalod54225842/providers/Microsoft.Network/applicationSecurityGroups/webASG",
    "marketplaceItemId": "Microsoft.ApplicationSecurityGroup"
  }
}