[
  {
    "id": "/subscriptions/09d9b9f0-3761-497b-b256-88e3c502b751/resourceGroups/corp-datalod54225842/providers/Microsoft.Resources/deployments/CreateApplicationSecurityGroupBladeViewModel/operations/F3984FDAD02F615D",
    "operationId": "F3984FDAD02F615D",
    "properties": {
      "provisioningOperation": "Create",
      "provisioningState": "Succeeded",
      "timestamp": "2025-08-30T11:46:25.931033Z",
      "duration": "PT3.0676254S",
      "trackingId": "f5f38741-5a1e-4302-8726-540b97dcc5fa",
      "statusCode": "OK",
      "targetResource": {
        "id": "/subscriptions/09d9b9f0-3761-497b-b256-88e3c502b751/resourceGroups/corp-datalod54225842/providers/Microsoft.Network/applicationSecurityGroups/webASG",
        "resourceType": "Microsoft.Network/applicationSecurityGroups",
        "resourceName": "webASG"
      }
    }
  },
  {
    "id": "/subscriptions/09d9b9f0-3761-497b-b256-88e3c502b751/resourceGroups/corp-datalod54225842/providers/Microsoft.Resources/deployments/CreateApplicationSecurityGroupBladeViewModel/operations/08584450525021819249",
    "operationId": "08584450525021819249",
    "properties": {
      "provisioningOperation": "EvaluateDeploymentOutput",
      "provisioningState": "Succeeded",
      "timestamp": "2025-08-30T11:46:25.931033Z",
      "duration": "PT3.1926773S",
      "trackingId": "6dda5b90-7786-42ba-8191-39991e15af0d",
      "statusCode": "OK"
    }
  }
]