{
    "$schema": "https://schema.management.azure.com/schemas/2015-01-01/deploymentParameters.json#",
    "contentVersion": "1.0.0.0",
    "parameters": {
        "location": {
            "value": "eastus"
        },
        "networkInterfaceName2": {
            "value": "vm1883_z2"
        },
        "subnetName": {
            "value": "default"
        },
        "virtualNetworkId": {
            "value": "/subscriptions/a59a8733-537b-465e-a883-4b94bfbf1069/resourceGroups/corp-datalod54195421/providers/Microsoft.Network/virtualNetworks/webVNET"
        },
        "publicIpAddressName2": {
            "value": "VM1-ip"
        },
        "publicIpAddressType": {
            "value": "Static"
        },
        "publicIpAddressSku": {
            "value": "Standard"
        },
        "pipDeleteOption": {
            "value": "Detach"
        },
        "virtualMachineName": {
            "value": "VM1"
        },
        "virtualMachineName2": {
            "value": "VM1"
        },
        "virtualMachineComputerName2": {
            "value": "VM1"
        },
        "virtualMachineRG": {
            "value": "corp-datalod54195421"
        },
        "osDiskType": {
            "value": "Premium_LRS"
        },
        "osDiskDeleteOption": {
            "value": "Delete"
        },
        "virtualMachineSize": {
            "value": "Standard_B2s"
        },
        "nicDeleteOption": {
            "value": "Detach"
        },
        "hibernationEnabled": {
            "value": false
        },
        "adminUsername": {
            "value": "AzureAdmin"
        },
        "adminPassword": {
            "value": null
        },
        "patchMode": {
            "value": "AutomaticByOS"
        },
        "enablePeriodicAssessment": {
            "value": "ImageDefault"
        },
        "enableHotpatching": {
            "value": false
        },
        "securityType": {
            "value": "TrustedLaunch"
        },
        "secureBoot": {
            "value": true
        },
        "vTPM": {
            "value": true
        },
        "virtualMachine2Zone": {
            "value": "2"
        }
    }
}