{
  "id": "/subscriptions/09d9b9f0-3761-497b-b256-88e3c502b751/resourceGroups/corp-datalod54225842/providers/Microsoft.Resources/deployments/KV54225842",
  "name": "KV54225842",
  "type": "Microsoft.Resources/deployments",
  "properties": {
    "templateHash": "8256383714752127570",
    "parameters": {
      "name": {
        "type": "String",
        "value": "KV54225842"
      },
      "location": {
        "type": "String",
        "value": "eastus"
      },
      "sku": {
        "type": "String",
        "value": "Standard"
      },
      "accessPolicies": {
        "type": "Array",
        "value": []
      },
      "tenant": {
        "type": "String",
        "value": "8eb87a6e-8055-4135-b69d-f19c799ec045"
      },
      "enabledForDeployment": {
        "type": "Bool",
        "value": false
      },
      "enabledForTemplateDeployment": {
        "type": "Bool",
        "value": false
      },
      "enabledForDiskEncryption": {
        "type": "Bool",
        "value": true
      },
      "enableRbacAuthorization": {
        "type": "Bool",
        "value": true
      },
      "publicNetworkAccess": {
        "type": "String",
        "value": "Enabled"
      },
      "enableSoftDelete": {
        "type": "Bool",
        "value": true
      },
      "softDeleteRetentionInDays": {
        "type": "Int",
        "value": 90
      },
      "networkAcls": {
        "type": "Object",
        "value": {
          "defaultAction": "allow",
          "bypass": "AzureServices",
          "ipRules": [],
          "virtualNetworkRules": []
        }
      }
    },
    "mode": "Incremental",
    "debugSetting": {
      "detailLevel": "None"
    },
    "provisioningState": "Succeeded",
    "timestamp": "2025-08-30T12:15:35.5351306Z",
    "duration": "PT20.8429993S",
    "correlationId": "f7bd9e54-c634-4a37-8137-555175794fdf",
    "providers": [
      {
        "namespace": "Microsoft.KeyVault",
        "resourceTypes": [
          {
            "resourceType": "vaults",
            "locations": [
              "eastus"
            ]
          }
        ]
      }
    ],
    "dependencies": [],
    "outputs": {},
    "outputResources": [
      {
        "id": "/subscriptions/09d9b9f0-3761-497b-b256-88e3c502b751/resourceGroups/corp-datalod54225842/providers/Microsoft.KeyVault/vaults/KV54225842"
      }
    ],
    "validationLevel": "Template"
  },
  "tags": {
    "primaryResourceId": "/subscriptions/09d9b9f0-3761-497b-b256-88e3c502b751/resourceGroups/corp-datalod54225842/providers/Microsoft.KeyVault/vaults/KV54225842",
    "marketplaceItemId": "Microsoft.KeyVault"
  }
}