[
  {
    "id": "/subscriptions/09d9b9f0-3761-497b-b256-88e3c502b751/resourceGroups/corp-datalod54225842/providers/Microsoft.Resources/deployments/KV54225842/operations/C4CB2AA24FFEBEC9",
    "operationId": "C4CB2AA24FFEBEC9",
    "properties": {
      "provisioningOperation": "Create",
      "provisioningState": "Succeeded",
      "timestamp": "2025-08-30T12:15:17.6258292Z",
      "duration": "PT17.7529689S",
      "trackingId": "dd36a1bb-adf4-4fdf-be96-8b1652a0d873",
      "statusCode": "OK",
      "targetResource": {
        "id": "/subscriptions/09d9b9f0-3761-497b-b256-88e3c502b751/resourceGroups/corp-datalod54225842/providers/Microsoft.KeyVault/vaults/KV54225842",
        "resourceType": "Microsoft.KeyVault/vaults",
        "resourceName": "KV54225842"
      }
    }
  },
  {
    "id": "/subscriptions/09d9b9f0-3761-497b-b256-88e3c502b751/resourceGroups/corp-datalod54225842/providers/Microsoft.Resources/deployments/KV54225842/operations/08584450507707843751",
    "operationId": "08584450507707843751",
    "properties": {
      "provisioningOperation": "EvaluateDeploymentOutput",
      "provisioningState": "Succeeded",
      "timestamp": "2025-08-30T12:15:17.6258292Z",
      "duration": "PT17.8624608S",
      "trackingId": "75d09875-cae4-4696-8bc6-4af5a278a920",
      "statusCode": "OK"
    }
  }
]