{
    "$schema": "https://schema.management.azure.com/schemas/2019-04-01/deploymentTemplate.json#",
    "contentVersion": "1.0.0.0",
    "parameters": {
        "networkSecurityGroups_webNSG_name": {
            "defaultValue": "webNSG",
            "type": "String"
        },
        "applicationSecurityGroups_WEBASG_externalid": {
            "defaultValue": "/subscriptions/a59a8733-537b-465e-a883-4b94bfbf1069/resourceGroups/CORP-DATALOD54195421/providers/Microsoft.Network/applicationSecurityGroups/WEBASG",
            "type": "String"
        }
    },
    "variables": {},
    "resources": [
        {
            "type": "Microsoft.Network/networkSecurityGroups",
            "apiVersion": "2024-07-01",
            "name": "[parameters('networkSecurityGroups_webNSG_name')]",
            "location": "eastus",
            "properties": {
                "securityRules": [
                    {
                        "name": "AllowAllWeb",
                        "id": "[resourceId('Microsoft.Network/networkSecurityGroups/securityRules', parameters('networkSecurityGroups_webNSG_name'), 'AllowAllWeb')]",
                        "type": "Microsoft.Network/networkSecurityGroups/securityRules",
                        "properties": {
                            "protocol": "*",
                            "sourcePortRange": "*",
                            "sourceAddressPrefix": "*",
                            "access": "Allow",
                            "priority": 100,
                            "direction": "Inbound",
                            "sourcePortRanges": [],
                            "destinationPortRanges": [
                                "80",
                                "443"
                            ],
                            "sourceAddressPrefixes": [],
                            "destinationAddressPrefixes": [],
                            "destinationApplicationSecurityGroups": [
                                {
                                    "id": "[parameters('applicationSecurityGroups_WEBASG_externalid')]"
                                }
                            ]
                        }
                    },
                    {
                        "name": "AllowRDP",
                        "id": "[resourceId('Microsoft.Network/networkSecurityGroups/securityRules', parameters('networkSecurityGroups_webNSG_name'), 'AllowRDP')]",
                        "type": "Microsoft.Network/networkSecurityGroups/securityRules",
                        "properties": {
                            "protocol": "*",
                            "sourcePortRange": "*",
                            "destinationPortRange": "3389",
                            "sourceAddressPrefix": "*",
                            "access": "Allow",
                            "priority": 110,
                            "direction": "Inbound",
                            "sourcePortRanges": [],
                            "destinationPortRanges": [],
                            "sourceAddressPrefixes": [],
                            "destinationAddressPrefixes": [],
                            "destinationApplicationSecurityGroups": [
                                {
                                    "id": "[parameters('applicationSecurityGroups_WEBASG_externalid')]"
                                }
                            ]
                        }
                    }
                ]
            }
        },
        {
            "type": "Microsoft.Network/networkSecurityGroups/securityRules",
            "apiVersion": "2024-07-01",
            "name": "[concat(parameters('networkSecurityGroups_webNSG_name'), '/AllowAllWeb')]",
            "dependsOn": [
                "[resourceId('Microsoft.Network/networkSecurityGroups', parameters('networkSecurityGroups_webNSG_name'))]"
            ],
            "properties": {
                "protocol": "*",
                "sourcePortRange": "*",
                "sourceAddressPrefix": "*",
                "access": "Allow",
                "priority": 100,
                "direction": "Inbound",
                "sourcePortRanges": [],
                "destinationPortRanges": [
                    "80",
                    "443"
                ],
                "sourceAddressPrefixes": [],
                "destinationAddressPrefixes": [],
                "destinationApplicationSecurityGroups": [
                    {
                        "id": "[parameters('applicationSecurityGroups_WEBASG_externalid')]"
                    }
                ]
            }
        },
        {
            "type": "Microsoft.Network/networkSecurityGroups/securityRules",
            "apiVersion": "2024-07-01",
            "name": "[concat(parameters('networkSecurityGroups_webNSG_name'), '/AllowRDP')]",
            "dependsOn": [
                "[resourceId('Microsoft.Network/networkSecurityGroups', parameters('networkSecurityGroups_webNSG_name'))]"
            ],
            "properties": {
                "protocol": "*",
                "sourcePortRange": "*",
                "destinationPortRange": "3389",
                "sourceAddressPrefix": "*",
                "access": "Allow",
                "priority": 110,
                "direction": "Inbound",
                "sourcePortRanges": [],
                "destinationPortRanges": [],
                "sourceAddressPrefixes": [],
                "destinationAddressPrefixes": [],
                "destinationApplicationSecurityGroups": [
                    {
                        "id": "[parameters('applicationSecurityGroups_WEBASG_externalid')]"
                    }
                ]
            }
        }
    ]
}