{
    "$schema": "https://schema.management.azure.com/schemas/2015-01-01/deploymentParameters.json#",
    "contentVersion": "1.0.0.0",
    "parameters": {
        "location": {
            "value": "eastus"
        },
        "extendedLocation": {
            "value": {}
        },
        "virtualNetworkName": {
            "value": "webVNET"
        },
        "tagsByResource": {
            "value": {
                "Microsoft.Network/virtualNetworks": {},
                "Microsoft.Network/ddosProtectionPlans": {},
                "Microsoft.Network/publicIPAddresses": {},
                "Microsoft.Network/azureFirewalls": {},
                "Microsoft.Network/bastionHosts": {},
                "Microsoft.Network/natGateways": {},
                "Microsoft.Network/publicIPPrefixes": {},
                "Microsoft.Network/networkSecurityGroups": {}
            }
        },
        "addressSpace": {
            "value": {
                "addressPrefixes": [
                    "10.10.0.0/26"
                ]
            }
        },
        "natGatewaysWithNewPublicIpAddress": {
            "value": []
        },
        "natGatewaysWithoutNewPublicIpAddress": {
            "value": []
        },
        "natGatewayPublicIpAddressesNewNames": {
            "value": []
        },
        "networkSecurityGroupsNew": {
            "value": []
        },
        "subnets": {
            "value": [
                {
                    "name": "default",
                    "properties": {
                        "addressPrefixes": [
                            "10.10.0.0/26"
                        ],
                        "privateEndpointNetworkPolicies": "Disabled"
                    }
                }
            ]
        },
        "ddosProtectionPlanEnabled": {
            "value": false
        },
        "firewallEnabled": {
            "value": false
        },
        "firewallSkuTier": {
            "value": "Standard"
        },
        "firewallPolicyIsNew": {},
        "firewallPolicyId": {},
        "firewallPolicyTier": {},
        "firewallPublicIpAddressIsNew": {
            "value": false
        },
        "firewallPublicIpAddressId": {
            "value": ""
        },
        "bastionEnabled": {
            "value": false
        },
        "bastionPublicIpAddressIsNew": {
            "value": false
        },
        "bastionPublicIPAddressId": {
            "value": ""
        },
        "bastionNsgIsNew": {},
        "bastionNsgId": {},
        "encryptionEnabled": {
            "value": false
        },
        "encryptionEnforcement": {
            "value": "AllowUnencrypted"
        },
        "addressSpaceStartingAddressChanged": {
            "value": true
        },
        "addressSpaceAddressSizeChanged": {
            "value": true
        },
        "ipv6Enabled": {
            "value": false
        },
        "defaultSubnetChanged": {
            "value": true
        },
        "subnetsInfo": {
            "value": [
                {
                    "cidr": "10.10.0.0/26",
                    "name": "Default",
                    "natGw": "none",
                    "nsg": "none",
                    "udr": "none"
                }
            ]
        },
        "subnetCount": {
            "value": 1
        },
        "ipamPools": {
            "value": []
        },
        "networkManager": {},
        "createNetworkManager": {
            "value": false
        },
        "networkManagerName": {},
        "avnmSubscriptionId": {},
        "avnmResourceGroup": {}
    }
}